"user_input_text","sttTime","sentence","gptTimePerSentence","ttsTimePerSentence","avatarPerSentence","avatarPer1SecMean"
"안녕",1.844,"안녕하세요,",1.796,0.719,1.611,1.5921156406402588
"안녕",1.844,"sdaf님.",0.001,1.277,1.444,1.4288113117218018
"안녕",1.844,"만나서 반가워요.",0,0.901,2.26,1.120119571685791
"안녕",1.844,"어떤 이유로 오셨나요?",0.001,1.073,2.23,1.100943684577942

"MBC 뉴스 이덕영입니다.",0.863,"안녕하세요,",1.845,1.012,1.578,1.5537185668945312
"MBC 뉴스 이덕영입니다.",0.863,"sdaf님.",0.001,1.159,1.478,1.4612541198730469
"MBC 뉴스 이덕영입니다.",0.863,"어떤 이유로 오셨나요?",0,1.762,2.273,1.123115062713623