"user_input_text","sttTime","sentence","gptTimePerSentence","ttsTimePerSentence","avatarPerSentence","avatarPer1SecMean"
"안녕",0.692,"안녕하세요,",1.954,1.878,6.469,6.444828748703003
"안녕",0.692,"준성 씨.",0.001,0.89,1.501,1.4853992462158203
"안녕",0.692,"어떤 이유로 찾아오셨나요?",0.001,2.251,2.314,1.1425585746765137

"안녕",1.487,"안녕하세요,",2.49,0.933,6.454,6.434400796890259
"안녕",1.487,"준성 씨.",0.001,1.759,1.432,1.4172887802124023
"안녕",1.487,"어떤 이유로 찾아오셨나요?",0.001,1.873,2.209,1.094508171081543